{
  "type": "minecraft:entity",
  "pools": [
    {
      "bonus_rolls": 0.0,
      "conditions": [
        {
          "condition": "minecraft:inverted",
          "term": {
            "condition": "minecraft:entity_properties",
            "entity": "attacker",
            "predicate": {
              "equipment": {
                "mainhand": {
                  "predicates": {
                    "minecraft:enchantments": [
                      {
                        "enchantments": "enchantingplus:void_curse"
                      }
                    ]
                  }
                }
              }
            }
          }
        }
      ],
      "entries": [
        {
          "type": "minecraft:item",
          "functions": [
            {
              "add": false,
              "count": {
                "type": "minecraft:uniform",
                "max": 2.0,
                "min": 0.0
              },
              "function": "minecraft:set_count"
            },
            {
              "count": {
                "type": "minecraft:uniform",
                "max": 1.0,
                "min": 0.0
              },
              "enchantment": "minecraft:looting",
              "function": "minecraft:enchanted_count_increase"
            }
          ],
          "name": "minecraft:leather"
        }
      ],
      "rolls": 1.0
    },
    {
      "bonus_rolls": 0.0,
      "conditions": [
        {
          "condition": "minecraft:inverted",
          "term": {
            "condition": "minecraft:entity_properties",
            "entity": "attacker",
            "predicate": {
              "equipment": {
                "mainhand": {
                  "predicates": {
                    "minecraft:enchantments": [
                      {
                        "enchantments": "enchantingplus:void_curse"
                      }
                    ]
                  }
                }
              }
            }
          }
        },
        {
          "condition": "minecraft:entity_properties",
          "entity": "attacker",
          "predicate": {
            "equipment": {
              "mainhand": {
                "predicates": {
                  "minecraft:enchantments": [
                    {
                      "enchantments": "enchantingplus:plundering"
                    }
                  ]
                }
              }
            }
          }
        }
      ],
      "entries": [
        {
          "type": "minecraft:item",
          "functions": [
            {
              "add": false,
              "count": {
                "type": "minecraft:uniform",
                "max": 2.0,
                "min": 0.0
              },
              "function": "minecraft:set_count"
            },
            {
              "count": {
                "type": "minecraft:uniform",
                "max": 1.0,
                "min": 0.0
              },
              "enchantment": "minecraft:looting",
              "function": "minecraft:enchanted_count_increase"
            }
          ],
          "name": "minecraft:leather"
        }
      ],
      "rolls": 1.0
    }
  ],
  "random_sequence": "minecraft:entities/mule"
}