{
  "type": "minecraft:entity",
  "random_sequence": "minecraft:entities/piglin",
  "pools": [
    {
      "bonus_rolls": 0.0,
      "conditions": [
        {
          "condition": "minecraft:inverted",
          "term": {
            "condition": "minecraft:entity_properties",
            "entity": "attacker",
            "predicate": {
              "equipment": {
                "mainhand": {
                  "predicates": {
                    "minecraft:enchantments": [
                      {
                        "enchantments": "enchantingplus:void_curse"
                      }
                    ]
                  }
                }
              }
            }
          }
        }
      ],
      "entries": [
        {
          "type": "minecraft:item",
          "name": "minecraft:piglin_head",
          "conditions": [
            {
              "condition": "minecraft:entity_properties",
              "entity": "attacker",
              "predicate": {
                "equipment": {
                  "mainhand": {
                    "predicates": {
                      "minecraft:enchantments": [
                        {
                          "enchantments": "enchantingplus:beheading"
                        }
                      ]
                    }
                  }
                }
              }
            },
            {
              "condition": "minecraft:random_chance_with_enchanted_bonus",
              "enchantment": "enchantingplus:beheading",
              "unenchanted_chance": 0,
              "enchanted_chance": {
                "type": "minecraft:linear",
                "base": 0.05,
                "per_level_above_first": 0.05
              }
            }
          ]
        }
      ],
      "rolls": 1
    },
    {
      "bonus_rolls": 0.0,
      "conditions": [
        {
          "condition": "minecraft:inverted",
          "term": {
            "condition": "minecraft:entity_properties",
            "entity": "attacker",
            "predicate": {
              "equipment": {
                "mainhand": {
                  "predicates": {
                    "minecraft:enchantments": [
                      {
                        "enchantments": "enchantingplus:void_curse"
                      }
                    ]
                  }
                }
              }
            }
          }
        },
        {
          "condition": "minecraft:entity_properties",
          "entity": "attacker",
          "predicate": {
            "equipment": {
              "mainhand": {
                "predicates": {
                  "minecraft:enchantments": [
                    {
                      "enchantments": "enchantingplus:plundering"
                    }
                  ]
                }
              }
            }
          }
        }
      ],
      "entries": [
        {
          "type": "minecraft:item",
          "name": "minecraft:piglin_head",
          "conditions": [
            {
              "condition": "minecraft:entity_properties",
              "entity": "attacker",
              "predicate": {
                "equipment": {
                  "mainhand": {
                    "predicates": {
                      "minecraft:enchantments": [
                        {
                          "enchantments": "enchantingplus:beheading"
                        }
                      ]
                    }
                  }
                }
              }
            },
            {
              "condition": "minecraft:random_chance_with_enchanted_bonus",
              "enchantment": "enchantingplus:beheading",
              "unenchanted_chance": 0,
              "enchanted_chance": {
                "type": "minecraft:linear",
                "base": 0.05,
                "per_level_above_first": 0.05
              }
            }
          ]
        }
      ],
      "rolls": 1
    }
  ]
}