{
    "type": "minecraft:block",
    "pools": [
      {
        "rolls": 1,
        "entries": [
          {
            "type": "minecraft:item",
            "name": "minecraft:bone",
            "weight": 15
          },
          {
            "type": "minecraft:item",
            "name": "minecraft:crimson_fungus",
            "weight": 10
          },
          {
            "type": "minecraft:item",
            "name": "minecraft:crimson_roots",
            "weight": 10
          },
          {
            "type": "minecraft:item",
            "name": "minecraft:leather",
            "weight": 12
          },
          {
            "type": "minecraft:item",
            "name": "minecraft:porkchop",
            "weight": 12
          },
          {
            "type": "minecraft:item",
            "name": "minecraft:gunpowder",
            "weight": 15
          },
          {
            "type": "minecraft:item",
            "name": "minecraft:ghast_tear",
            "weight": 10
          },
          {
            "type": "minecraft:item",
            "name": "minecraft:nether_brick",
            "weight": 15
          },
          {
            "type": "minecraft:item",
            "name": "minecraft:golden_apple",
            "weight": 5
          },
          {
            "type": "minecraft:item",
            "name": "minecraft:coal",
            "weight": 12
          },
          {
            "type": "minecraft:item",
            "name": "minecraft:gold_nugget",
            "weight": 15
          },
          {
            "type": "minecraft:item",
            "name": "minecraft:soul_torch",
            "weight": 12
          },
          {
            "type": "minecraft:item",
            "name": "minecraft:soul_lantern",
            "weight": 10
          },
          {
            "type": "minecraft:item",
            "name": "minecraft:glowstone_dust",
            "weight": 15
          },
          {
            "type": "minecraft:item",
            "name": "minecraft:quartz",
            "weight": 12
          },
          {
            "type": "minecraft:item",
            "name": "minecraft:blaze_powder",
            "weight": 7
          },
          {
            "type": "minecraft:item",
            "name": "minecraft:fire_charge",
            "weight": 10
          },
          {
            "type": "minecraft:item",
            "name": "minecraft:nether_wart",
            "weight": 7
          },
          {
            "type": "minecraft:item",
            "name": "minecraft:warped_fungus_on_a_stick",
            "functions": [
              {
                 "add": false,
                 "damage": {
                   "type": "minecraft:uniform",
                   "max": 0.25,
                   "min": 0.0
                 },
                 "function": "minecraft:set_damage"
              },
              {
              "function": "minecraft:enchant_randomly",
              "options": "#minecraft:on_random_loot"
              }
            ],
            "weight": 7
          },
          {
            "type": "minecraft:item",
            "name": "minecraft:gold_ingot",
            "weight": 7
          },
          {
            "type": "minecraft:item",
            "name": "minecraft:magma_cream",
            "weight": 7
          },
          {
            "type": "minecraft:item",
            "name": "minecraft:saddle",
            "weight": 7
          },
          {
            "type": "minecraft:item",
            "name": "minecraft:golden_helmet",
            "functions": [
              {
                 "add": false,
                 "damage": {
                   "type": "minecraft:uniform",
                   "max": 0.25,
                   "min": 0.0
                 },
                 "function": "minecraft:set_damage"
              },
              {
              "function": "minecraft:enchant_randomly",
              "options": "#minecraft:on_random_loot"
              }
            ],
            "weight": 1
          },
          {
            "type": "minecraft:item",
            "name": "minecraft:golden_chestplate",
            "functions": [
              {
                 "add": false,
                 "damage": {
                   "type": "minecraft:uniform",
                   "max": 0.25,
                   "min": 0.0
                 },
                 "function": "minecraft:set_damage"
              },
              {
              "function": "minecraft:enchant_randomly",
              "options": "#minecraft:on_random_loot"
              }
            ],
            "weight": 1
          },
          {
            "type": "minecraft:item",
            "name": "minecraft:golden_leggings",
            "functions": [
              {
                 "add": false,
                 "damage": {
                   "type": "minecraft:uniform",
                   "max": 0.25,
                   "min": 0.0
                 },
                 "function": "minecraft:set_damage"
              },
              {
              "function": "minecraft:enchant_randomly",
              "options": "#minecraft:on_random_loot"
              }
            ],
            "weight": 1
          },
          {
            "type": "minecraft:item",
            "name": "minecraft:golden_boots",
            "functions": [
              {
                 "add": false,
                 "damage": {
                   "type": "minecraft:uniform",
                   "max": 0.25,
                   "min": 0.0
                 },
                 "function": "minecraft:set_damage"
              },
              {
              "function": "minecraft:enchant_randomly",
              "options": "#minecraft:on_random_loot"
              }
            ],
            "weight": 1
          },
          {
            "type": "minecraft:item",
            "name": "minecraft:golden_sword",
            "functions": [
              {
                 "add": false,
                 "damage": {
                   "type": "minecraft:uniform",
                   "max": 0.25,
                   "min": 0.0
                 },
                 "function": "minecraft:set_damage"
              },
              {
              "function": "minecraft:enchant_randomly",
              "options": "#minecraft:on_random_loot"
              }
            ],
            "weight": 1
          },
          {
            "type": "minecraft:item",
            "name": "minecraft:golden_pickaxe",
            "functions": [
              {
                 "add": false,
                 "damage": {
                   "type": "minecraft:uniform",
                   "max": 0.25,
                   "min": 0.0
                 },
                 "function": "minecraft:set_damage"
              },
              {
              "function": "minecraft:enchant_randomly",
              "options": "#minecraft:on_random_loot"
              }
            ],
            "weight": 1
          },
          {
            "type": "minecraft:item",
            "name": "minecraft:golden_shovel",
            "functions": [
              {
                 "add": false,
                 "damage": {
                   "type": "minecraft:uniform",
                   "max": 0.25,
                   "min": 0.0
                 },
                 "function": "minecraft:set_damage"
              },
              {
              "function": "minecraft:enchant_randomly",
              "options": "#minecraft:on_random_loot"
              }
            ],
            "weight": 1
          },
          {
            "type": "minecraft:item",
            "name": "minecraft:golden_axe",
            "functions": [
              {
                 "add": false,
                 "damage": {
                   "type": "minecraft:uniform",
                   "max": 0.25,
                   "min": 0.0
                 },
                 "function": "minecraft:set_damage"
              },
              {
              "function": "minecraft:enchant_randomly",
              "options": "#minecraft:on_random_loot"
              }
            ],
            "weight": 1
          },
          {
            "type": "minecraft:item",
            "name": "minecraft:golden_hoe",
            "functions": [
              {
                 "add": false,
                 "damage": {
                   "type": "minecraft:uniform",
                   "max": 0.25,
                   "min": 0.0
                 },
                 "function": "minecraft:set_damage"
              },
              {
              "function": "minecraft:enchant_randomly",
              "options": "#minecraft:on_random_loot"
              }
            ],
            "weight": 1
          },
          {
            "type": "minecraft:item",
            "name": "minecraft:netherite_upgrade_smithing_template",
            "weight": 2
          },
          {
            "type": "minecraft:item",
            "name": "minecraft:diamond",
            "weight": 2
          },
          {
            "type": "minecraft:item",
            "name": "minecraft:blaze_rod",
            "weight": 2
          },
          {
            "type": "minecraft:item",
            "name": "minecraft:rib_armor_trim_smithing_template",
            "weight": 2
          },
          {
            "type": "minecraft:item",
            "name": "minecraft:netherite_scrap",
            "weight": 1
          },
          {
            "type": "minecraft:item",
            "name": "minecraft:wither_skeleton_skull",
            "weight": 1
          }
        ]
      }
    ]
  }
  