{
    "type": "minecraft:block",
    "pools": [
      {
        "rolls": 1,
        "entries": [
          {
            "type": "minecraft:item",
            "name": "minecraft:rabbit",
            "weight": 15
          },
          {
            "type": "minecraft:item",
            "name": "minecraft:bone",
            "weight": 12
          },
          {
            "type": "minecraft:item",
            "name": "minecraft:diamond",
            "weight": 2
          },
          {
            "type": "minecraft:item",
            "name": "minecraft:book",
            "functions": [
              {
              "function": "minecraft:enchant_randomly",
              "options": "#minecraft:on_random_loot"
              }
            ],
            "weight": 1
          },
          {
            "type": "minecraft:item",
            "name": "minecraft:dune_armor_trim_smithing_template",
            "weight": 1
          },
          {
            "type": "minecraft:item",
            "name": "minecraft:rabbit_hide",
            "weight": 10
          },
          {
            "type": "minecraft:item",
            "name": "minecraft:rabbit_foot",
            "weight": 5
          },
          {
            "type": "minecraft:item",
            "name": "minecraft:iron_nugget",
            "weight": 12
          },
          {
            "type": "minecraft:item",
            "name": "minecraft:raw_iron",
            "weight": 12
          },
          {
            "type": "minecraft:item",
            "name": "minecraft:gold_nugget",
            "weight": 12
          },
          {
            "type": "minecraft:item",
            "name": "minecraft:raw_gold",
            "weight": 12
          },
          {
            "type": "minecraft:item",
            "name": "minecraft:string",
            "weight": 12
          },
          {
            "type": "minecraft:item",
            "name": "minecraft:brush",
            "weight": 5
          },
          {
            "type": "minecraft:item",
            "name": "minecraft:name_tag",
            "weight": 5
          },
          {
            "type": "minecraft:item",
            "name": "minecraft:lead",
            "weight": 5
          },
          {
            "type": "minecraft:item",
            "name": "minecraft:golden_apple",
            "weight": 2
          },
          {
            "type": "minecraft:item",
            "name": "minecraft:raw_copper",
            "weight": 12
          },
          {
            "type": "minecraft:item",
            "name": "minecraft:dead_bush",
            "weight": 12
          }
        ]
      }
    ]
  }
  