{
    "type": "minecraft:block",
    "pools": [
      {
        "rolls": 1,
        "entries": [
          {
            "type": "minecraft:item",
            "name": "minecraft:chorus_fruit",
            "weight": 15
          },
          {
            "type": "minecraft:item",
            "name": "minecraft:popped_chorus_fruit",
            "weight": 12
          },
          {
            "type": "minecraft:item",
            "name": "minecraft:chorus_flower",
            "weight": 5
          },
          {
            "type": "minecraft:item",
            "name": "minecraft:book",
            "functions": [
              {
                "function": "minecraft:enchant_with_levels",
                "levels": 30
              }
            ],
            "weight": 3
          },
          {
            "type": "minecraft:item",
            "name": "minecraft:bow",
            "functions": [
              {
                 "add": false,
                 "damage": {
                   "type": "minecraft:uniform",
                   "max": 0.25,
                   "min": 0.0
                 },
                 "function": "minecraft:set_damage"
              },
              {
                "function": "minecraft:enchant_with_levels",
                "levels": 30
              }
            ],
            "weight": 3
          },
          {
            "type": "minecraft:item",
            "name": "minecraft:eye_armor_trim_smithing_template",
            "weight": 3
          },
          {
            "type": "minecraft:item",
            "name": "minecraft:spire_armor_trim_smithing_template",
            "weight": 1
          },
          {
            "type": "minecraft:item",
            "name": "minecraft:golden_apple",
            "weight": 7
          },
          {
            "type": "minecraft:item",
            "name": "minecraft:enchanted_golden_apple",
            "weight": 1
          },
          {
            "type": "minecraft:item",
            "name": "minecraft:iron_ingot",
            "weight": 10
          },
          {
            "type": "minecraft:item",
            "name": "minecraft:gold_ingot",
            "weight": 10
          },
          {
            "type": "minecraft:item",
            "name": "minecraft:diamond",
            "weight": 5
          },
          {
            "type": "minecraft:item",
            "name": "minecraft:emerald",
            "weight": 5
          },
          {
            "type": "minecraft:item",
            "name": "minecraft:ender_pearl",
            "weight": 12
          },
          {
            "type": "minecraft:item",
            "name": "minecraft:dragon_breath",
            "weight": 5
          },
          {
            "type": "minecraft:item",
            "name": "minecraft:shulker_shell",
            "weight": 5
          },
          {
            "type": "minecraft:item",
            "name": "minecraft:phantom_membrane",
            "weight": 5
          },
          {
            "type": "minecraft:item",
            "name": "minecraft:end_crystal",
            "weight": 5
          }
        ]
      }
    ]
  }
  