{
    "type": "minecraft:block",
    "pools": [
      {
        "rolls": 1,
        "entries": [
          {
            "type": "minecraft:loot_table",
            "value": "minecraft:gameplay/fishing/junk",
            "weight": 15
          },
          {
            "type": "minecraft:loot_table",
            "value": "minecraft:gameplay/fishing/fish",
            "weight": 7
          },
          {
            "type": "minecraft:loot_table",
            "value": "minecraft:gameplay/fishing/treasure",
            "weight": 3
          },
          {
            "type": "minecraft:item",
            "name": "minecraft:prismarine_crystals",
            "weight": 10
          },
          {
            "type": "minecraft:item",
            "name": "minecraft:prismarine_shard",
            "weight": 10
          },
          {
            "type": "minecraft:item",
            "name": "minecraft:diamond",
            "weight": 5
          },
          {
            "type": "minecraft:item",
            "name": "minecraft:heart_of_the_sea",
            "weight": 1
          },
          {
            "type": "minecraft:item",
            "name": "minecraft:tide_armor_trim_smithing_template",
            "weight": 1
          },
          {
            "type": "minecraft:item",
            "name": "minecraft:ink_sac",
            "weight": 15
          },
          {
            "type": "minecraft:item",
            "name": "minecraft:bone_meal",
            "weight": 15
          },
          {
            "type": "minecraft:item",
            "name": "minecraft:iron_nugget",
            "weight": 10
          },
          {
            "type": "minecraft:item",
            "name": "minecraft:raw_iron",
            "weight": 10
          },
          {
            "type": "minecraft:item",
            "name": "minecraft:bucket",
            "weight": 10
          },
          {
            "type": "minecraft:item",
            "name": "minecraft:cod_bucket",
            "weight": 7
          },
          {
            "type": "minecraft:item",
            "name": "minecraft:pufferfish_bucket",
            "weight": 7
          },
          {
            "type": "minecraft:item",
            "name": "minecraft:salmon_bucket",
            "weight": 7
          },
          {
            "type": "minecraft:item",
            "name": "minecraft:tropical_fish_bucket",
            "weight": 7
          },
          {
            "type": "minecraft:item",
            "name": "minecraft:coal",
            "weight": 15
          },
          {
            "type": "minecraft:item",
            "name": "minecraft:spyglass",
            "weight": 4
          }
        ]
      }
    ]
  }
  