{
    "type": "minecraft:block",
    "pools": [
      {
        "rolls": 1,
        "entries": [
          {
            "type": "minecraft:item",
            "name": "minecraft:iron_nugget",
            "weight": 15
          },
          {
            "type": "minecraft:item",
            "name": "minecraft:gold_nugget",
            "weight": 15
          },
          {
            "type": "minecraft:item",
            "name": "minecraft:flint",
            "weight": 15
          },
          {
            "type": "minecraft:item",
            "name": "minecraft:raw_iron",
            "weight": 7
          },
          {
            "type": "minecraft:item",
            "name": "minecraft:raw_gold",
            "weight": 7
          },
          {
            "type": "minecraft:item",
            "name": "minecraft:raw_copper",
            "weight": 10
          },
          {
            "type": "minecraft:item",
            "name": "minecraft:emerald",
            "weight": 7
          },
          {
            "type": "minecraft:item",
            "name": "minecraft:lapis_lazuli",
            "weight": 10
          },
          {
            "type": "minecraft:item",
            "name": "minecraft:redstone",
            "weight": 10
          },
          {
            "type": "minecraft:item",
            "name": "minecraft:amethyst_shard",
            "weight": 7
          }
        ]
      }
    ]
  }
  