{
    "type": "minecraft:block",
    "pools": [
      {
        "rolls": 1,
        "entries": [
          {
            "type": "minecraft:item",
            "name": "minecraft:wheat_seeds",
            "weight": 15
          },
          {
            "type": "minecraft:item",
            "name": "minecraft:coal",
            "weight": 7
          },
          {
            "type": "minecraft:item",
            "name": "minecraft:flint",
            "weight": 10
          },
          {
            "type": "minecraft:item",
            "name": "minecraft:string",
            "weight": 7
          },
          {
            "type": "minecraft:item",
            "name": "minecraft:clay_ball",
            "weight": 10
          },
          {
            "type": "minecraft:item",
            "name": "minecraft:bone",
            "weight": 7
          },
          {
            "type": "minecraft:item",
            "name": "minecraft:sugar_cane",
            "weight": 7
          },
          {
            "type": "minecraft:item",
            "name": "minecraft:iron_nugget",
            "weight": 5
          },
          {
            "type": "minecraft:item",
            "name": "minecraft:gold_nugget",
            "weight": 5
          },
          {
            "type": "minecraft:item",
            "name": "minecraft:slime_ball",
            "weight": 7
          }
        ]
      }
    ]
  }
  