{
  "anvil_cost": 4,
  "description": {
    "translate": "enchantment.minecraft.flame"
  },
  "effects": {
    "minecraft:projectile_spawned": [
      {
        "effect": {
          "type": "minecraft:ignite",
          "duration": 6.0
        }
      }
    ]
  },
  "max_cost": {
    "base": 50,
    "per_level_above_first": 0
  },
  "max_level": 1,
  "min_cost": {
    "base": 20,
    "per_level_above_first": 0
  },
  "slots": [
    "mainhand"
  ],
  "exclusive_set": "#enchantingplus:exclusive_set/bow_aspects",
  "supported_items": "#enchantingplus:enchantable/bows",
  "weight": 2
}