{
  "anvil_cost": 2,
  "description": {
    "translate": "enchantment.minecraft.knockback"
  },
  "effects": {
    "minecraft:knockback": [
      {
        "effect": {
          "type": "minecraft:add",
          "value": {
            "type": "minecraft:linear",
            "base": 0.5,
            "per_level_above_first": 0.5
          }
        }
      }
    ]
  },
  "max_cost": {
    "base": 55,
    "per_level_above_first": 20
  },
  "max_level": 2,
  "min_cost": {
    "base": 5,
    "per_level_above_first": 20
  },
  "slots": [
    "mainhand"
  ],
  "exclusive_set": "#enchantingplus:exclusive_set/knockback",
  "supported_items": "#enchantingplus:enchantable/melee_weapon",
  "weight": 5
}