{
    "condition": "minecraft:any_of",
    "terms": [
      {
        "condition": "minecraft:entity_properties",
        "entity": "this",
        "predicate": {
          "equipment": {
            "mainhand": {
              "predicates": {
                "minecraft:enchantments": [
                  {
                    "enchantments": "enchantingplus:aquatic_pulse",
                    "levels": {
                     "min": 1,
                     "max": 2
                    }
                  }
                ]
              }
            }
          }
        }
      },
      {
        "condition": "minecraft:entity_properties",
        "entity": "this",
        "predicate": {
          "equipment": {
            "offhand": {
              "predicates": {
                "minecraft:enchantments": [
                  {
                    "enchantments": "enchantingplus:aquatic_pulse",
                    "levels": {
                     "min": 1,
                     "max": 2
                    }
                  }
                ]
              }
            }
          }
        }
      }
    ]
  }
  