[
  {
    "condition": "minecraft:inverted",
    "term": {
      "condition": "minecraft:entity_properties",
      "entity": "this",
      "predicate": {
        "type_specific": {
          "type": "minecraft:player",
          "gamemode": [
            "creative"
          ]
        }
      }
    }
  },
  {
    "condition": "minecraft:any_of",
    "terms": [
      {
        "condition": "minecraft:inverted",
        "term": {
          "condition": "minecraft:entity_properties",
          "entity": "this",
          "predicate": {
            "equipment": {
              "chest": {
                "predicates": {
                  "minecraft:enchantments": [
                    {
                      "enchantments": "minecraft:unbreaking"
                    }
                  ]
                }
              }
            }
          }
        }
      },
      {
        "condition": "minecraft:all_of",
        "terms": [
          {
            "condition": "minecraft:entity_properties",
            "entity": "this",
            "predicate": {
              "equipment": {
                "chest": {
                  "predicates": {
                    "minecraft:enchantments": [
                      {
                        "enchantments": "minecraft:unbreaking",
                        "levels": 1
                      }
                    ]
                  }
                }
              }
            }
          },
          {
            "condition": "minecraft:random_chance",
            "chance": 0.5
          }
        ]
      },
      {
        "condition": "minecraft:all_of",
        "terms": [
          {
            "condition": "minecraft:entity_properties",
            "entity": "this",
            "predicate": {
              "equipment": {
                "chest": {
                  "predicates": {
                    "minecraft:enchantments": [
                      {
                        "enchantments": "minecraft:unbreaking",
                        "levels": 2
                      }
                    ]
                  }
                }
              }
            }
          },
          {
            "condition": "minecraft:random_chance",
            "chance": 0.33
          }
        ]
      },
      {
        "condition": "minecraft:all_of",
        "terms": [
          {
            "condition": "minecraft:entity_properties",
            "entity": "this",
            "predicate": {
              "equipment": {
                "chest": {
                  "predicates": {
                    "minecraft:enchantments": [
                      {
                        "enchantments": "minecraft:unbreaking",
                        "levels": 3
                      }
                    ]
                  }
                }
              }
            }
          },
          {
            "condition": "minecraft:random_chance",
            "chance": 0.25
          }
        ]
      }
    ]
  }
  ]