{
  "anvil_cost": 1,
  "description": {
    "translate": "Alchemical Drain"
  },
  "effects": {
    "minecraft:post_attack": [
      {
        "affected": "attacker",
        "enchanted": "attacker",
        "effect": {
          "type": "minecraft:run_function",
          "function": "enchantingplus:alchemical_drain/attacker"
        }
      },
      {
        "affected": "victim",
        "enchanted": "attacker",
        "effect": {
          "type": "minecraft:run_function",
          "function": "enchantingplus:alchemical_drain/victim"
        },
        "requirements": {
          "condition": "minecraft:entity_properties",
          "entity": "attacker",
          "predicate": {
            "nbt": "{Tags:[\"enchantingplus.alchemical_drain.attacker\"]}"
          }
        }
      }
    ]
  },
  "max_cost": {
    "base": 60,
    "per_level_above_first": 20
  },
  "max_level": 5,
  "min_cost": {
    "base": 10,
    "per_level_above_first": 20
  },
  "slots": [
    "mainhand"
  ],
  "exclusive_set": "enchantingplus:alchemists_grace",
  "supported_items": "#minecraft:enchantable/sword",
  "weight": 2
}