{
  "anvil_cost": 1,
  "description": {
    "translate": "Alchemist's Grace"
  },
  "effects": {
    "minecraft:post_attack": [
      {
        "affected": "attacker",
        "enchanted": "attacker",
        "effect": {
          "type": "minecraft:run_function",
          "function": "enchantingplus:alchemists_grace"
        }
      }
    ]
  },
  "max_cost": {
    "base": 60,
    "per_level_above_first": 20
  },
  "max_level": 5,
  "min_cost": {
    "base": 10,
    "per_level_above_first": 20
  },
  "slots": [
    "mainhand"
  ],
  "exclusive_set": "enchantingplus:alchemical_drain",
  "supported_items": "#minecraft:enchantable/sword",
  "weight": 2
}