{
  "anvil_cost": 8,
  "description": {
    "translate": "Autofeed"
  },
  "effects": {
    "minecraft:tick": [
      {
        "effect": {
          "type": "run_function",
          "function": "enchantingplus:autofeed/tick"
        }
      }
    ]
  },
  "max_cost": {
    "base": 60,
    "per_level_above_first": 0
  },
  "max_level": 1,
  "min_cost": {
    "base": 25,
    "per_level_above_first": 0
  },
  "slots": [
    "head"
  ],
  "supported_items": "#minecraft:enchantable/head_armor",
  "weight": 2
}