{
  "anvil_cost": 4,
  "description": {
    "translate": "Curse of Barren Knowledge"
  },
  "effects": {
    "minecraft:mob_experience": [
      {
        "effect": {
          "type": "minecraft:set",
          "value": 0
        }
      }
    ],
    "minecraft:block_experience": [
      {
        "effect": {
          "type": "minecraft:set",
          "value": 0
        }
      }
    ]
  },
  "max_cost": {
    "base": 60,
    "per_level_above_first": 20
  },
  "max_level": 1,
  "min_cost": {
    "base": 10,
    "per_level_above_first": 20
  },
  "slots": [
    "mainhand"
  ],
  "exclusive_set": "enchantingplus:sages_favour",
  "supported_items": "#enchantingplus:enchantable/held",
  "weight": 2
}