{
  "anvil_cost": 4,
  "description": {
    "translate": "Blight-Bearer"
  },
  "effects": {
    "minecraft:post_attack": [
      {
        "affected": "victim",
        "enchanted": "attacker",
        "effect": {
          "type": "minecraft:apply_mob_effect",
          "max_amplifier": {
            "type": "minecraft:linear",
            "base": 1.0,
            "per_level_above_first": 2.0
          },
          "max_duration": {
            "type": "minecraft:linear",
            "base": 2.0,
            "per_level_above_first": 3.0
          },
          "min_amplifier": 1.0,
          "min_duration": 2.0,
          "to_apply": "minecraft:weakness"
        }
      }
    ]
  },
  "max_cost": {
    "base": 60,
    "per_level_above_first": 20
  },
  "max_level": 2,
  "min_cost": {
    "base": 20,
    "per_level_above_first": 20
  },
  "slots": [
    "mainhand"
  ],
  "supported_items": "#minecraft:enchantable/sharp_weapon",
  "weight": 2
}