{
    "anvil_cost": 1,
    "description": {
      "translate": "Dimensional Conqueror"
    },
    "effects": {
      "minecraft:damage": [
        {
          "effect": {
            "type": "minecraft:add",
            "value": {
              "type": "minecraft:linear",
              "base": 2.5,
              "per_level_above_first": 2.5
            }
          },
          "requirements": {
            "condition": "minecraft:entity_properties",
            "entity": "this",
            "predicate": {
              "type": "#enchantingplus:dimensional"
            }
          }
        }
      ]
    },  
    "max_cost": {
    "base": 60,
    "per_level_above_first": 20
    },
    "max_level": 5,
    "min_cost": {
      "base": 10,
      "per_level_above_first": 20
    },
    "slots": [
      "mainhand"
    ],
    "exclusive_set": "#minecraft:exclusive_set/damage",
    "supported_items": "#minecraft:enchantable/weapon",
    "weight": 2
  }