{
  "anvil_cost": 4,
  "description": {
    "translate": "Disorient"
  },
  "effects": {
    "minecraft:post_attack": [
      {
        "affected": "attacker",
        "enchanted": "attacker",
        "effect": {
          "type": "minecraft:run_function",
          "function": "enchantingplus:disorient/attacker"
        }
      },
      {
        "affected": "victim",
        "enchanted": "attacker",
        "effect": {
          "type": "minecraft:run_function",
          "function": "enchantingplus:disorient/victim"
        }
      }
    ]
  },
  "max_cost": {
    "base": 60,
    "per_level_above_first": 20
  },
  "max_level": 3,
  "min_cost": {
    "base": 20,
    "per_level_above_first": 20
  },
  "slots": [
    "mainhand"
  ],
  "exclusive_set": "#enchantingplus:exclusive_set/knockback",
  "supported_items": "#minecraft:enchantable/sword",
  "weight": 2
}