{
    "anvil_cost": 8,
    "description": {
      "translate": "Divine Justice"
    },
    "effects": {
      "minecraft:post_attack": [
        {
          "affected": "victim",
          "enchanted": "attacker",
          "effect": {
            "type": "minecraft:run_function",
            "function": "enchantingplus:divine_justice"
          }
        }
      ],
      "minecraft:attributes": [
        {
          "amount": -0.5,
          "attribute": "minecraft:attack_speed",
          "id": "enchantingplus:enchantment.divine_justice",
          "operation": "add_value"
        }
      ],
      "minecraft:damage": [
        {
          "effect": {
            "type": "minecraft:add",
            "value": 5
          }
        }
      ]
    }, 
    "max_cost": {
    "base": 60,
    "per_level_above_first": 20
    },
    "max_level": 1,
    "min_cost": {
      "base": 32,
      "per_level_above_first": 20
    },
    "slots": [
      "mainhand"
    ],
    "supported_items": "#minecraft:axes",
    "weight": 2
  }