{
    "anvil_cost": 12,
    "description": {
      "translate": "Dragon's Fire"
    },
    "effects": {
      "minecraft:post_attack": [
        {
          "affected": "victim",
          "effect": {
            "type": "minecraft:ignite",
            "duration": 2147483647
          },
          "enchanted": "attacker",
          "requirements": {
            "condition": "minecraft:damage_source_properties",
            "predicate": {
              "is_direct": true
            }
          }
        },
        {
          "affected": "victim",
          "enchanted": "attacker",
          "effect": {
            "type": "minecraft:run_function",
            "function": "enchantingplus:dragons_fire"
          }
        }
      ]
    },
    "max_cost": {
    "base": 60,
    "per_level_above_first": 20
    },
    "max_level": 1,
    "min_cost": {
      "base": 10,
      "per_level_above_first": 20
    },
    "slots": [
      "mainhand"
    ],
    "exclusive_set": "#enchantingplus:exclusive_set/aspects",
    "supported_items": "#minecraft:enchantable/fire_aspect",
    "weight": 2
  }