{
  "anvil_cost": 10,
  "description": {
    "translate": "Explosive"
  },
  "effects": {
    "minecraft:post_attack": [
      {
        "affected": "victim",
        "effect": {
          "type": "minecraft:run_function",
		  "function": "enchantingplus:explosive"
        },
        "enchanted": "attacker"
      }
    ],
	"minecraft:hit_block": [
      {
        "effect": {
          "type": "minecraft:run_function",
		  "function": "enchantingplus:explosive"
        }
      }
    ]
  },
  "max_cost": {
  "base": 60,
  "per_level_above_first": 10
  },
  "max_level": 1,
  "min_cost": {
    "base": 32,
    "per_level_above_first": 10
  },
  "slots": [
    "mainhand",
    "offhand"
  ],
  "exclusive_set": "#enchantingplus:exclusive_set/bow_aspects",
  "supported_items": "#minecraft:enchantable/bow",
  "weight": 2
}