{
  "anvil_cost": 4,
  "description": {
    "translate": "Frost Aspect"
  },
  "effects": {
    "minecraft:damage": [
      {
        "effect": {
          "type": "minecraft:add",
          "value": {
            "type": "minecraft:linear",
            "base": 2,
            "per_level_above_first": 2
          }
        },
        "requirements": {
          "condition": "minecraft:entity_properties",
          "entity": "this",
          "predicate": {
            "type": "#enchantingplus:fire"
          }
        }
      }
    ],
    "minecraft:post_attack": [
      {
        "affected": "victim",
        "enchanted": "attacker",
        "effect": {
          "type": "minecraft:apply_mob_effect",
          "max_amplifier": {
            "type": "minecraft:linear",
            "base": 3.0,
            "per_level_above_first": 2.0
          },
          "max_duration": {
            "type": "minecraft:linear",
            "base": 2.0,
            "per_level_above_first": 2.0
          },
          "min_amplifier": 3.0,
          "min_duration": 2.0,
          "to_apply": "minecraft:slowness"
        }
      },
      {
        "affected": "victim",
        "enchanted": "attacker",
        "effect": {
          "type": "minecraft:apply_mob_effect",
          "max_amplifier": {
            "type": "minecraft:linear",
            "base": 4.0,
            "per_level_above_first": 2.0
          },
          "max_duration": {
            "type": "minecraft:linear",
            "base": 2.0,
            "per_level_above_first": 2.0
          },
          "min_amplifier": 4.0,
          "min_duration": 2.0,
          "to_apply": "minecraft:mining_fatigue"
        }
      }
    ]
  },
  "max_cost": {
    "base": 60,
    "per_level_above_first": 20
  },
  "max_level": 2,
  "min_cost": {
    "base": 10,
    "per_level_above_first": 20
  },
  "slots": [
    "mainhand"
  ],
  "exclusive_set": "#enchantingplus:exclusive_set/aspects",
  "supported_items": "#minecraft:enchantable/fire_aspect",
  "weight": 2
}