{
  "anvil_cost": 4,
  "description": {
    "translate": "Frost"
  },
  "effects": {
    "minecraft:post_attack": [
      {
        "affected": "victim",
        "effect": {
          "type": "minecraft:run_function",
		      "function": "enchantingplus:frost"
        },
        "enchanted": "attacker"
      }
    ]
  },
  "max_cost": {
    "base": 50,
    "per_level_above_first": 0
  },
  "max_level": 1,
  "min_cost": {
    "base": 20,
    "per_level_above_first": 0
  },
  "slots": [
    "mainhand",
    "offhand"
  ],
  "exclusive_set": "#enchantingplus:exclusive_set/bow_aspects",
  "supported_items": "#enchantingplus:enchantable/bows",
  "weight": 2
}