{
    "anvil_cost": 3,
    "description": {
      "translate": "Giant Killer"
    },
    "effects": {
      "minecraft:tick": [
        {
          "effect": {
            "type": "run_function",
            "function": "enchantingplus:giant_killer/tick"
          }
        }
      ],
      "minecraft:damage": [
        {
          "effect": {
            "type": "minecraft:add",
            "value": {
              "type": "minecraft:linear",
              "base": 2.0,
              "per_level_above_first": 2.0
            }
          },
          "requirements": {
            "condition": "minecraft:entity_scores",
            "entity": "this",
            "scores": {
              "enchantingplus.giant_killer": {
                "min": 1,
                "max": 999999999
              }
            }
          }
        }
      ]
    },  
    "max_cost": {
    "base": 64,
    "per_level_above_first": 20
    },
    "max_level": 5,
    "min_cost": {
      "base": 20,
      "per_level_above_first": 20
    },
    "slots": [
      "mainhand"
    ],
    "supported_items": "#minecraft:enchantable/weapon",
    "weight": 2
  }