{
    "anvil_cost": 12,
    "description": {
      "translate": "Glacial Fury"
    },
    "effects": {
      "minecraft:damage": [
        {
          "effect": {
            "type": "minecraft:add",
            "value": 10
          },
          "requirements": {
            "condition": "minecraft:entity_properties",
            "entity": "this",
            "predicate": {
              "type": "#enchantingplus:illager"
            }
          }
        }
      ],
    "minecraft:post_attack": [
      {
        "affected": "victim",
        "enchanted": "attacker",
        "effect": {
          "type": "minecraft:apply_mob_effect",
          "max_amplifier": 255.0,
          "max_duration": 5.0,
          "min_amplifier": 255.0,
          "min_duration": 5.0,
          "to_apply": "minecraft:slowness"
        }
      },
      {
        "affected": "victim",
        "enchanted": "attacker",
        "effect": {
          "type": "minecraft:apply_mob_effect",
          "max_amplifier": 255.0,
          "max_duration": 5.0,
          "min_amplifier": 255.0,
          "min_duration": 5.0,
          "to_apply": "minecraft:mining_fatigue"
        }
      },
      {
        "affected": "victim",
        "enchanted": "attacker",
        "effect": {
          "type": "minecraft:apply_mob_effect",
          "max_amplifier": 255.0,
          "max_duration": 5.0,
          "min_amplifier": 255.0,
          "min_duration": 5.0,
          "to_apply": "minecraft:blindness"
        }
      },
      {
        "affected": "victim",
        "enchanted": "attacker",
        "effect": {
          "type": "minecraft:run_function",
          "function": "enchantingplus:glacial_fury"
        }
      }
    ]
    },
    "max_cost": {
    "base": 60,
    "per_level_above_first": 20
    },
    "max_level": 1,
    "min_cost": {
      "base": 10,
      "per_level_above_first": 20
    },
    "slots": [
      "mainhand"
    ],
    "exclusive_set": "#enchantingplus:exclusive_set/aspects",
    "supported_items": "#minecraft:enchantable/fire_aspect",
    "weight": 2
  }