{
  "anvil_cost": 4,
  "description": {
    "translate": "Curse of Gluttony"
  },
  "effects": {
    "minecraft:tick": [
      {
        "effect": {
          "type": "run_function",
          "function": "enchantingplus:gluttony_curse/slow"
        },
        "requirements": {
          "condition": "minecraft:entity_scores",
          "entity": "this",
          "scores": {
            "enchantingplus.food": {
              "min": 0,
              "max": 15
            }
          }
        }
      },
      {
        "effect": {
          "type": "run_function",
          "function": "enchantingplus:gluttony_curse/nausea"
        },
        "requirements": {
          "condition": "minecraft:entity_scores",
          "entity": "this",
          "scores": {
            "enchantingplus.food": {
              "min": 0,
              "max": 10
            }
          }
        }
      }
    ]
  },
  "max_cost": {
    "base": 60,
    "per_level_above_first": 20
  },
  "max_level": 1,
  "min_cost": {
    "base": 10,
    "per_level_above_first": 20
  },
  "slots": [
    "armor"
  ],
  "supported_items": "#minecraft:enchantable/armor",
  "weight": 2
}