{
  "anvil_cost": 4,
  "description": {
    "translate": "Curse of Haunting"
  },
  "effects": {
    "minecraft:tick": [
      {
        "effect": {
          "type": "run_function",
          "function": "enchantingplus:haunting_curse"
        }
      }
    ]
  },
  "max_cost": {
    "base": 60,
    "per_level_above_first": 20
  },
  "max_level": 1,
  "min_cost": {
    "base": 10,
    "per_level_above_first": 20
  },
  "slots": [
    "armor"
  ],
  "supported_items": "#minecraft:enchantable/armor",
  "weight": 2
}