{
  "anvil_cost": 8,
  "description": {
    "translate": "Inspire"
  },
  "effects": {
    "minecraft:tick": [
      {
        "effect": {
          "type": "run_function",
          "function": "enchantingplus:inspire"
        }
      }
    ]
  },
  "max_cost": {
    "base": 60,
    "per_level_above_first": 20
  },
  "max_level": 1,
  "min_cost": {
    "base": 32,
    "per_level_above_first": 20
  },
  "slots": [
    "mainhand"
  ],
  "supported_items": "#minecraft:enchantable/sword",
  "weight": 2
}