{
    "anvil_cost": 4,
    "description": {
      "translate": "Magmatic"
    },
    "effects": {
        "minecraft:post_attack": [
            {
              "affected": "victim",
              "effect": {
                "type": "minecraft:ignite",
                "duration": {
                  "type": "minecraft:linear",
                  "base": 2.0,
                  "per_level_above_first": 2.0
                }
              },
              "enchanted": "attacker"
            }
          ]
    },
    "max_cost": {
      "base": 60,
      "per_level_above_first": 20
    },
    "max_level": 3,
    "min_cost": {
      "base": 20,
      "per_level_above_first": 10
    },
    "slots": [
      "mainhand"
    ],
    "supported_items": "#minecraft:enchantable/trident",
    "weight": 2
  }