{
  "anvil_cost": 1,
  "description": {
    "translate": "Netherbane"
  },
  "effects": {
    "minecraft:damage": [
      {
        "effect": {
          "type": "minecraft:add",
          "value": {
            "type": "minecraft:linear",
            "base": 1.0,
            "per_level_above_first": 1.0
          }
        },
        "requirements": {
          "condition": "minecraft:location_check",
          "predicate": {
            "dimension": "minecraft:the_nether"
          }
        }
      }
    ]
  },
  "max_cost": {
    "base": 60,
    "per_level_above_first": 20
  },
  "max_level": 5,
  "min_cost": {
    "base": 20,
    "per_level_above_first": 10
  },
  "primary_items": "#minecraft:enchantable/sword",
  "slots": [
    "mainhand"
  ],
  "supported_items": "#minecraft:enchantable/weapon",
  "weight": 10
}