{
    "anvil_cost": 10,
    "description": {
      "translate": "Prismatic Shatter"
    },
    "effects": {
        "minecraft:post_attack": [
            {
              "affected": "victim",
              "enchanted": "attacker",
              "effect": {
                "type": "minecraft:run_function",
                "function": "enchantingplus:prismatic_shatter/summon/1"
              },
        "requirements": {
            "condition": "minecraft:entity_properties",
            "entity": "direct_attacker",
            "predicate": {
              "flags": {
                "is_flying": false
              },
              "movement": {
                "fall_distance": {
                  "min": 5
                }
              },
              "equipment": {
                "mainhand": {
                  "predicates": {
                    "minecraft:enchantments": [
                      {
                        "enchantments": "enchantingplus:prismatic_shatter",
                        "levels": 1
                      }
                    ]
                  }
                }
              }
            }
          }
        },
        {
              "affected": "victim",
              "enchanted": "attacker",
              "effect": {
                "type": "minecraft:run_function",
                "function": "enchantingplus:prismatic_shatter/summon/2"
              },
        "requirements": {
            "condition": "minecraft:entity_properties",
            "entity": "direct_attacker",
            "predicate": {
              "flags": {
                "is_flying": false
              },
              "movement": {
                "fall_distance": {
                  "min": 5
                }
              },
              "equipment": {
                "mainhand": {
                  "predicates": {
                    "minecraft:enchantments": [
                      {
                        "enchantments": "enchantingplus:prismatic_shatter",
                        "levels": 2
                      }
                    ]
                  }
                }
              }
            }
          }
        },
        {
              "affected": "victim",
              "enchanted": "attacker",
              "effect": {
                "type": "minecraft:run_function",
                "function": "enchantingplus:prismatic_shatter/summon/3"
              },
        "requirements": {
            "condition": "minecraft:entity_properties",
            "entity": "direct_attacker",
            "predicate": {
              "flags": {
                "is_flying": false
              },
              "movement": {
                "fall_distance": {
                  "min": 5
                }
              },
              "equipment": {
                "mainhand": {
                  "predicates": {
                    "minecraft:enchantments": [
                      {
                        "enchantments": "enchantingplus:prismatic_shatter",
                        "levels": 3
                      }
                    ]
                  }
                }
              }
            }
          }
        },
        {
          "affected": "attacker",
          "enchanted": "attacker",
          "effect": {
            "type": "minecraft:run_function",
            "function": "enchantingplus:prismatic_shatter/tag"
          },
    "requirements": {
        "condition": "minecraft:entity_properties",
        "entity": "direct_attacker",
        "predicate": {
          "flags": {
            "is_flying": false
          },
          "movement": {
            "fall_distance": {
              "min": 5
            }
          }
        }
      }
    }
      ]
    },
    "max_cost": {
      "base": 64,
      "per_level_above_first": 0
    },
    "max_level": 3,
    "min_cost": {
      "base": 32,
      "per_level_above_first": 16
    },
    "slots": [
      "mainhand"
    ],
    "exclusive_set": "#enchantingplus:exclusive_set/mace",
    "supported_items": "#minecraft:enchantable/mace",
    "weight": 2
  }