{
  "anvil_cost": 10,
  "description": {
    "translate": "Purify"
  },
  "effects": {
    "minecraft:tick": [
      {
        "effect": {
          "type": "run_function",
          "function": "enchantingplus:purify/tick"
        }
      }
    ]
  },
  "max_cost": {
    "base": 64,
    "per_level_above_first": 0
  },
  "max_level": 1,
  "min_cost": {
    "base": 48,
    "per_level_above_first": 0
  },
  "slots": [
    "mainhand",
    "offhand"
  ],
  "supported_items": "minecraft:shield",
  "weight": 2
}