{
  "anvil_cost": 4,
  "description": {
    "translate": "Rider's Wrath"
  },
  "effects": {
    "minecraft:damage": [
      {
        "effect": {
          "type": "minecraft:add",
          "value": {
            "type": "minecraft:linear",
            "base": 2.0,
            "per_level_above_first": 2.0
          }
        },
        "requirements": {
          "condition": "minecraft:entity_properties",
          "entity": "attacker",
          "predicate": {
            "vehicle": {
              "type": [
                "minecraft:horse"
              ]
            }
          }
        }
      }
    ]
  },
  "max_cost": {
    "base": 60,
    "per_level_above_first": 20
  },
  "max_level": 3,
  "min_cost": {
    "base": 20,
    "per_level_above_first": 10
  },
  "slots": [
    "mainhand"
  ],
  "exclusive_set": "#enchantingplus:exclusive_set/damage3",
  "supported_items": "#minecraft:enchantable/sword",
  "weight": 10
}