{
  "anvil_cost": 1,
  "description": {
    "translate": "Rocket Jumper"
  },
  "effects": {
    "minecraft:hit_block": [
      {
        "effect": {
          "type": "minecraft:run_function",
          "function": "enchantingplus:kill"
        }
      },
      {
        "effect": {
          "type": "minecraft:explode",
          "block_interaction": "trigger",
          "immune_blocks": "#minecraft:blocks_wind_charge_explosions",
          "knockback_multiplier": {
            "type": "minecraft:linear",
            "base": 0.5,
            "per_level_above_first": 1
          },
          "large_particle": {
            "type": "minecraft:gust_emitter_large"
          },
          "radius": 0.5,
          "small_particle": {
            "type": "minecraft:gust_emitter_small"
          },
          "sound": "minecraft:entity.wind_charge.wind_burst"
        }
      }
    ],
    "minecraft:post_attack": [
      {
        "affected": "victim",
        "effect": {
          "type": "minecraft:explode",
          "block_interaction": "trigger",
          "immune_blocks": "#minecraft:blocks_wind_charge_explosions",
          "knockback_multiplier": {
            "type": "minecraft:linear",
            "base": 0.5,
            "per_level_above_first": 1
          },
          "large_particle": {
            "type": "minecraft:gust_emitter_large"
          },
          "radius": 0.5,
          "small_particle": {
            "type": "minecraft:gust_emitter_small"
          },
          "sound": "minecraft:entity.wind_charge.wind_burst"
        },
        "enchanted": "attacker"
      }
    ]
  },
  "max_cost": {
    "base": 64,
    "per_level_above_first": 20
  },
  "max_level": 5,
  "min_cost": {
    "base": 10,
    "per_level_above_first": 20
  },
  "slots": [
    "mainhand"
  ],
  "exclusive_set": "minecraft:piercing",
  "supported_items": "#minecraft:enchantable/crossbow",
  "weight": 2
}