{
  "anvil_cost": 1,
  "description": {
    "translate": "Sage's Favour"
  },
  "effects": {
    "minecraft:mob_experience": [
      {
        "effect": {
          "type": "minecraft:multiply",
          "factor": {
                "type": "minecraft:linear",
                "base": 1.5,
                "per_level_above_first": 0.5
          }
        }
      }
    ],
    "minecraft:block_experience": [
      {
        "effect": {
          "type": "minecraft:multiply",
          "factor": {
                "type": "minecraft:linear",
                "base": 1.5,
                "per_level_above_first": 0.5
          }
        }
      }
    ]
  },
  "max_cost": {
    "base": 60,
    "per_level_above_first": 20
  },
  "max_level": 5,
  "min_cost": {
    "base": 10,
    "per_level_above_first": 20
  },
  "slots": [
    "mainhand"
  ],
  "exclusive_set": "#enchantingplus:exclusive_set/sages_favour",
  "supported_items": "#enchantingplus:enchantable/held",
  "weight": 2
}