{
  "anvil_cost": 4,
  "description": {
    "translate": "Skybound"
  },
  "effects": {
    "minecraft:tick": [
      {
        "effect": {
          "type": "minecraft:explode",
          "block_interaction": "trigger",
          "immune_blocks": "#minecraft:blocks_wind_charge_explosions",
          "knockback_multiplier": {
            "type": "minecraft:linear",
            "base": 0.5,
            "per_level_above_first": 0.75
          },
          "large_particle": {
            "type": "minecraft:gust_emitter_large"
          },
          "radius": 0.5,
          "small_particle": {
            "type": "minecraft:gust_emitter_small"
          },
          "sound": "minecraft:entity.wind_charge.wind_burst"
        },
        "requirements": {
          "condition": "minecraft:all_of",
          "terms": [
            {
              "condition": "minecraft:entity_scores",
              "entity": "this",
              "scores": {
                "enchantingplus.jumping": 1
              }
            },
            {
              "condition": "minecraft:entity_properties",
              "entity": "this",
              "predicate": {
                "flags": {
                  "is_sneaking": true
                }
              }
            }
          ]
        }
      },
      {
        "effect": {
          "type": "run_function",
          "function": "enchantingplus:skybound"
        }
      }
    ],
    "minecraft:damage_immunity": [
      {
        "effect": {},
        "requirements": {
          "condition": "minecraft:all_of",
          "terms": [
            {
              "condition": "minecraft:damage_source_properties",
              "predicate": {
                "tags": [
                  {
                    "expected": true,
                    "id": "minecraft:is_fall"
                  },
                  {
                    "expected": false,
                    "id": "minecraft:bypasses_invulnerability"
                  }
                ]
              }
            },
            {
              "condition": "minecraft:entity_properties",
              "entity": "this",
              "predicate": {
                "nbt": "{Tags:[\"enchantingplus.skybound.active\"]}"
              }
            }
          ]
        }
      }
    ]
  },
  "max_cost": {
    "base": 60,
    "per_level_above_first": 20
  },
  "max_level": 3,
  "min_cost": {
    "base": 10,
    "per_level_above_first": 20
  },
  "slots": [
    "feet"
  ],
  "supported_items": "#minecraft:enchantable/foot_armor",
  "weight": 2
}