{
  "anvil_cost": 4,
  "description": {
    "translate": "Spartan"
  },
  "effects": {
    "minecraft:damage": [
      {
        "effect": {
          "type": "minecraft:add",
          "value": {
            "type": "minecraft:linear",
            "base": 1.0,
            "per_level_above_first": 1.0
          }
        },
        "requirements": {
          "condition": "minecraft:entity_properties",
          "entity": "attacker",
          "predicate": {
            "equipment": {
              "offhand": {
                "items": "minecraft:shield"
              }
            }
          }
        }
      }
    ]
  },
  "max_cost": {
    "base": 60,
    "per_level_above_first": 20
  },
  "max_level": 3,
  "min_cost": {
    "base": 10,
    "per_level_above_first": 20
  },
  "slots": [
    "mainhand"
  ],
  "exclusive_set": "#enchantingplus:exclusive_set/damage3",
  "supported_items": "#minecraft:enchantable/sword",
  "weight": 10
}