{
  "anvil_cost": 1,
  "description": {
    "translate": "Stalwark"
  },
  "effects": {
    "minecraft:attributes": [
      {
        "amount": {
          "type": "minecraft:linear",
          "base": 0.1,
          "per_level_above_first": 0.1
        },
        "attribute": "minecraft:knockback_resistance",
        "id": "enchantingplus:stalwark",
        "operation": "add_value"
      }
    ]
  },
  "max_cost": {
    "base": 60,
    "per_level_above_first": 20
  },
  "max_level": 5,
  "min_cost": {
    "base": 10,
    "per_level_above_first": 20
  },
  "slots": [
    "legs"
  ],
  "supported_items": "#minecraft:enchantable/leg_armor",
  "weight": 2
}