{
  "anvil_cost": 2,
  "description": {
    "translate": "Toughened"
  },
  "effects": {
    "minecraft:attributes": [
      {
        "amount": {
          "type": "minecraft:linear",
          "base": 2,
          "per_level_above_first": 2
        },
        "attribute": "minecraft:armor",
        "id": "enchantingplus:toughened.armor",
        "operation": "add_value"
      },
      {
        "amount": {
          "type": "minecraft:linear",
          "base": 0,
          "per_level_above_first": 1
        },
        "attribute": "minecraft:armor_toughness",
        "id": "enchantingplus:toughened.armor_toughness",
        "operation": "add_value"
      }
    ]
  },
  "max_cost": {
    "base": 64,
    "per_level_above_first": 20
  },
  "max_level": 4,
  "min_cost": {
    "base": 20,
    "per_level_above_first": 10
  },
  "slots": [
    "chest"
  ],
  "supported_items": "minecraft:elytra",
  "weight": 2
}