{
  "anvil_cost": 12,
  "description": {
    "translate": "True Infinity"
  },
  "effects": {
    "minecraft:ammo_use": [
      {
        "effect": {
          "type": "minecraft:set",
          "value": 0.0
        },
        "requirements": {
          "condition": "minecraft:match_tool",
          "predicate": {
            "items": "#minecraft:arrows"
          }
        }
      }
    ]
  },
  "exclusive_set": "#enchantingplus:exclusive_set/infinity",
  "max_cost": {
    "base": 64,
    "per_level_above_first": 0
  },
  "max_level": 1,
  "min_cost": {
    "base": 48,
    "per_level_above_first": 0
  },
  "slots": [
    "mainhand"
  ],
  "supported_items": "#enchantingplus:enchantable/bows",
  "weight": 1
}