{
  "anvil_cost": 4,
  "description": {
    "translate": "Updraft"
  },
  "effects": {
    "minecraft:post_attack": [
      {
        "affected": "victim",
        "effect": {
          "type": "minecraft:explode",
          "block_interaction": "trigger",
          "immune_blocks": "#minecraft:blocks_wind_charge_explosions",
          "knockback_multiplier": {
            "type": "minecraft:linear",
            "base": 0.5,
            "per_level_above_first": 0.15
          },
          "large_particle": {
            "type": "minecraft:gust_emitter_large"
          },
          "radius": 0.1,
          "small_particle": {
            "type": "minecraft:gust_emitter_small"
          },
          "sound": "minecraft:entity.wind_charge.wind_burst"
        },
        "enchanted": "attacker"
      }
    ]
  },
  "max_cost": {
    "base": 60,
    "per_level_above_first": 20
  },
  "max_level": 2,
  "min_cost": {
    "base": 10,
    "per_level_above_first": 20
  },
  "slots": [
    "mainhand"
  ],
  "exclusive_set": "#enchantingplus:exclusive_set/knockback",
  "supported_items": "#minecraft:enchantable/sharp_weapon",
  "weight": 2
}