{
    "anvil_cost": 12,
    "description": {
      "translate": "Void Tear"
    },
    "effects": {
        "minecraft:post_attack": [
            {
              "affected": "victim",
              "enchanted": "attacker",
              "effect": {
                "type": "minecraft:run_function",
                "function": "enchantingplus:void_tear/summon"
              },
        "requirements": {
            "condition": "minecraft:entity_properties",
            "entity": "direct_attacker",
            "predicate": {
              "flags": {
                "is_flying": false
              },
              "movement": {
                "fall_distance": {
                  "min": 10
                }
              }
            }
          }
        },
        {
          "affected": "attacker",
          "enchanted": "attacker",
          "effect": {
            "type": "minecraft:run_function",
            "function": "enchantingplus:void_tear/tag"
          },
    "requirements": {
        "condition": "minecraft:entity_properties",
        "entity": "direct_attacker",
        "predicate": {
          "flags": {
            "is_flying": false
          },
          "movement": {
            "fall_distance": {
              "min": 10
            }
          }
        }
      }
    }
      ]
    },
    "max_cost": {
      "base": 64,
      "per_level_above_first": 9
    },
    "max_level": 1,
    "min_cost": {
      "base": 48,
      "per_level_above_first": 9
    },
    "slots": [
      "mainhand"
    ],
    "exclusive_set": "#enchantingplus:exclusive_set/mace",
    "supported_items": "#minecraft:enchantable/mace",
    "weight": 2
  }