{
  "anvil_cost": 4,
  "description": {
    "translate": "Curse of Volatility"
  },
  "effects": {
    "minecraft:post_attack": [
      {
        "affected": "victim",
        "effect": {
          "type": "minecraft:run_function",
		  "function": "enchantingplus:volatility_curse"
        },
        "enchanted": "victim",
        "requirements": {
          "condition": "minecraft:random_chance",
          "chance": {
            "type": "minecraft:enchantment_level",
            "amount": {
              "type": "minecraft:linear",
              "base": 0.2,
              "per_level_above_first": 0.2
            }
          }
        }
      }
    ]
  },
  "max_cost": {
    "base": 60,
    "per_level_above_first": 20
  },
  "max_level": 5,
  "min_cost": {
    "base": 10,
    "per_level_above_first": 20
  },
  "slots": [
    "armor"
  ],
  "supported_items": "#minecraft:enchantable/armor",
  "weight": 2
}