{
  "type": "minecraft:block",
  "pools": [
    {
      "bonus_rolls": 0.0,
      "conditions": [
        {
          "condition": "minecraft:survives_explosion"
        }
      ],
      "entries": [
        {
          "type": "minecraft:loot_table",
          "conditions": [
            {
              "condition": "minecraft:match_tool",
              "predicate": {
                "predicates": {
                  "minecraft:enchantments": [
                    {
                      "enchantments": "enchantingplus:prospecting"
                    }
                  ]
                }
              }
            },
            {
              "condition": "minecraft:random_chance",
              "chance": 0.5
            }
          ],
          "value": "enchantingplus:prospecting/stone"
        },
        {
          "type": "minecraft:item",
          "name": "minecraft:calcite"
        }
      ],
      "rolls": 1.0
    }
  ],
  "random_sequence": "minecraft:blocks/calcite"
}