{
  "type": "minecraft:block",
  "pools": [
    {
      "bonus_rolls": 0.0,
      "entries": [
        {
          "type": "minecraft:alternatives",
          "children": [
            {
              "type": "minecraft:item",
              "conditions": [
                {
                  "condition": "minecraft:match_tool",
                  "predicate": {
                    "predicates": {
                      "minecraft:enchantments": [
                        {
                          "enchantments": "minecraft:silk_touch",
                          "levels": {
                            "min": 1
                          }
                        }
                      ]
                    }
                  }
                },
                {
                  "condition": "minecraft:inverted",
                  "term": {
                    "condition": "minecraft:match_tool",
                    "predicate": {
                      "predicates": {
                        "minecraft:enchantments": [
                          {
                            "enchantments": "enchantingplus:autosmelt"
                          }
                        ]
                      }
                    }
                  }
                }
              ],
              "name": "minecraft:clay"
            },
            {
              "type": "minecraft:item",
              "conditions": [
                {
                  "condition": "minecraft:match_tool",
                  "predicate": {
                    "predicates": {
                      "minecraft:enchantments": [
                        {
                          "enchantments": "enchantingplus:autosmelt"
                        },
                        {
                          "enchantments": "minecraft:silk_touch"
                        }
                      ]
                    }
                  }
                }
              ],
              "name": "minecraft:bricks"
            },
            {
              "type": "minecraft:item",
              "conditions": [
                {
                  "condition": "minecraft:match_tool",
                  "predicate": {
                    "predicates": {
                      "minecraft:enchantments": [
                        {
                          "enchantments": "enchantingplus:autosmelt",
                          "levels": {
                            "min": 1
                          }
                        }
                      ]
                    }
                  }
                },
                {
                  "condition": "minecraft:inverted",
                  "term": {
                    "condition": "minecraft:match_tool",
                    "predicate": {
                      "predicates": {
                        "minecraft:enchantments": [
                          {
                            "enchantments": "minecraft:silk_touch"
                          }
                        ]
                      }
                    }
                  }
                }
              ],
              "name": "minecraft:brick",
              "functions": [
                {
                  "add": false,
                  "count": 4.0,
                  "function": "minecraft:set_count"
                }
              ]
            },
            {
              "type": "minecraft:loot_table",
              "value": "enchantingplus:prospecting/ocean",
              "conditions": [
                {
                  "condition": "minecraft:match_tool",
                  "predicate": {
                    "predicates": {
                      "minecraft:enchantments": [
                        {
                          "enchantments": "enchantingplus:prospecting"
                        }
                      ]
                    }
                  }
                },
                {
                  "condition": "minecraft:location_check",
                  "predicate": {
                    "biomes": "#minecraft:is_ocean"
                  }
                },
                {
                  "condition": "minecraft:random_chance",
                  "chance": 0.5
                }
              ]
            },
            {
              "type": "minecraft:loot_table",
              "value": "enchantingplus:prospecting/swamp",
              "conditions": [
                {
                  "condition": "minecraft:match_tool",
                  "predicate": {
                    "predicates": {
                      "minecraft:enchantments": [
                        {
                          "enchantments": "enchantingplus:prospecting"
                        }
                      ]
                    }
                  }
                },
                {
                  "condition": "minecraft:location_check",
                  "predicate": {
                    "biomes": "#minecraft:is_swamp"
                  }
                },
                {
                  "condition": "minecraft:random_chance",
                  "chance": 0.5
                }
              ]
            },
            {
              "type": "minecraft:loot_table",
              "value": "enchantingplus:prospecting/plains",
              "conditions": [
                {
                  "condition": "minecraft:match_tool",
                  "predicate": {
                    "predicates": {
                      "minecraft:enchantments": [
                        {
                          "enchantments": "enchantingplus:prospecting"
                        }
                      ]
                    }
                  }
                },
                {
                  "condition": "minecraft:random_chance",
                  "chance": 0.5
                }
              ]
            },
            {
              "type": "minecraft:item",
              "functions": [
                {
                  "add": false,
                  "count": 4.0,
                  "function": "minecraft:set_count"
                },
                {
                  "function": "minecraft:explosion_decay"
                }
              ],
              "name": "minecraft:clay_ball"
            }
          ]
        }
      ],
      "rolls": 1.0
    }
  ],
  "random_sequence": "minecraft:blocks/clay"
}