{
  "type": "minecraft:block",
  "pools": [
    {
      "bonus_rolls": 0.0,
      "entries": [
        {
          "type": "minecraft:alternatives",
          "children": [
            {
              "type": "minecraft:item",
              "conditions": [
                {
                  "condition": "minecraft:match_tool",
                  "predicate": {
                    "predicates": {
                      "minecraft:enchantments": [
                        {
                          "enchantments": "minecraft:silk_touch",
                          "levels": {
                            "min": 1
                          }
                        }
                      ]
                    }
                  }
                }
              ],
              "name": "minecraft:gravel"
            },
            {
              "type": "minecraft:loot_table",
              "value": "enchantingplus:prospecting/plains",
              "conditions": [
                {
                  "condition": "minecraft:match_tool",
                  "predicate": {
                    "predicates": {
                      "minecraft:enchantments": [
                        {
                          "enchantments": "enchantingplus:prospecting"
                        }
                      ]
                    }
                  }
                },
                {
                  "condition": "minecraft:random_chance",
                  "chance": 0.5
                },
                {
                  "condition": "minecraft:inverted",
                  "term": {
                    "condition": "minecraft:location_check",
                    "predicate": {
                      "dimension": "minecraft:the_nether"
                    }
                  }
                }
              ]
            },
            {
              "type": "minecraft:loot_table",
              "value": "enchantingplus:prospecting/ocean",
              "conditions": [
                {
                  "condition": "minecraft:match_tool",
                  "predicate": {
                    "predicates": {
                      "minecraft:enchantments": [
                        {
                          "enchantments": "enchantingplus:prospecting"
                        }
                      ]
                    }
                  }
                },
                {
                  "condition": "minecraft:location_check",
                  "predicate": {
                    "biomes": "#minecraft:is_ocean"
                  }
                },
                {
                  "condition": "minecraft:random_chance",
                  "chance": 0.5
                }
              ]
            },
            {
              "type": "minecraft:loot_table",
              "value": "enchantingplus:prospecting/nether",
              "conditions": [
                {
                  "condition": "minecraft:match_tool",
                  "predicate": {
                    "predicates": {
                      "minecraft:enchantments": [
                        {
                          "enchantments": "enchantingplus:prospecting"
                        }
                      ]
                    }
                  }
                },
                {
                  "condition": "minecraft:location_check",
                  "predicate": {
                    "dimension": "minecraft:the_nether"
                  }
                },
                {
                  "condition": "minecraft:random_chance",
                  "chance": 0.5
                }
              ]
            },
            {
              "type": "minecraft:alternatives",
              "children": [
                {
                  "type": "minecraft:item",
                  "conditions": [
                    {
                      "chances": [
                        0.1,
                        0.14285715,
                        0.25,
                        1.0
                      ],
                      "condition": "minecraft:table_bonus",
                      "enchantment": "minecraft:fortune"
                    }
                  ],
                  "name": "minecraft:flint"
                },
                {
                  "type": "minecraft:item",
                  "name": "minecraft:gravel"
                }
              ],
              "conditions": [
                {
                  "condition": "minecraft:survives_explosion"
                }
              ]
            }
          ]
        }
      ],
      "rolls": 1.0
    }
  ],
  "random_sequence": "minecraft:blocks/gravel"
}