{
  "type": "minecraft:block",
  "pools": [
    {
      "bonus_rolls": 0.0,
      "conditions": [
        {
          "condition": "minecraft:survives_explosion"
        }
      ],
      "entries": [
        {
          "type": "minecraft:alternatives",
          "children": [
            {
              "type": "minecraft:item",
              "conditions": [
                {
                  "condition": "minecraft:match_tool",
                  "predicate": {
                    "predicates": {
                      "minecraft:enchantments": [
                        {
                          "enchantments": "enchantingplus:autosmelt"
                        }
                      ]
                    }
                  }
                }
              ],
              "name": "minecraft:gray_glazed_terracotta"
            },
            {
              "type": "minecraft:item",
              "name": "minecraft:gray_terracotta"
            }
          ]
        }
      ],
      "rolls": 1.0
    }
  ],
  "random_sequence": "minecraft:blocks/gray_terracotta"
}