{
  "type": "minecraft:block",
  "pools": [
    {
      "bonus_rolls": 0.0,
      "entries": [
        {
          "type": "minecraft:alternatives",
          "children": [
            {
              "type": "minecraft:item",
              "conditions": [
                {
                  "condition": "minecraft:match_tool",
                  "predicate": {
                    "predicates": {
                      "minecraft:enchantments": [
                        {
                          "enchantments": "enchantingplus:autosmelt"
                        }
                      ]
                    }
                  }
                }
              ],
              "functions": [
                {
                  "add": false,
                  "conditions": [
                    {
                      "block": "minecraft:cobblestone_slab",
                      "condition": "minecraft:block_state_property",
                      "properties": {
                        "type": "double"
                      }
                    }
                  ],
                  "count": 2.0,
                  "function": "minecraft:set_count"
                },
                {
                  "function": "minecraft:explosion_decay"
                }
              ],
              "name": "minecraft:sandstone_slab"
            },
            {
              "type": "minecraft:item",
              "conditions": [
                {
                  "block": "minecraft:cobblestone_slab",
                  "condition": "minecraft:block_state_property",
                  "properties": {
                    "type": "double"
                  }
                }
              ],
              "count": 2.0,
              "name": "minecraft:smooths_sandstone_slab"
            }
          ]
        }
      ],
      "rolls": 1.0
    }
  ],
  "random_sequence": "minecraft:blocks/sandstone_slab"
}