{
  "type": "minecraft:chest",
  "pools": [
    {
      "bonus_rolls": 0.0,
      "entries": [
        {
          "type": "minecraft:item",
          "name": "minecraft:enchanted_golden_apple",
          "weight": 3
        },
        {
          "type": "minecraft:item",
          "name": "minecraft:flow_armor_trim_smithing_template",
          "weight": 3
        },
        {
          "type": "minecraft:item",
          "name": "minecraft:flow_banner_pattern",
          "weight": 2
        },
        {
          "type": "minecraft:item",
          "name": "minecraft:music_disc_creator"
        },
        {
          "type": "minecraft:item",
          "name": "minecraft:heavy_core"
        },
        {
          "type": "minecraft:item",
          "name": "minecraft:enchanted_book",
          "functions": [
            {
              "function": "minecraft:set_enchantments",
              "enchantments": {
                "enchantingplus:necrotic_touch": 1
              }
            }
          ]
        }
      ],
      "rolls": 1.0
    }
  ],
  "random_sequence": "minecraft:chests/trial_chambers/reward_ominous_unique"
}